753665,TEST
1114113,HR
1114114,COM
1114115,COMM
1114116,SAFETY
1114117,FIN
1114118,OPS
1114119,CI
1114120,TAM
1114121,rwlayoutkey
1114122,GLOS
4554754,10
4554756,IT
4554757,TESTArchive
6455298,KME
6455303,FB
6455304,PE
6455308,SWD
9535489,OCIO
9830403,C1
9830405,PI
11042819,P400
11042821,HEAL
11042822,SAF
11042823,SEC
11042824,EN
11042825,SUS
11599876,IKB
12222466,US
12222469,CIGDO
12222470,GOT
12222471,Reliability
13041665,AA
13041666,AGB
13762563,PROC
15007747,AssetDelivery
15007748,SFRDNA
15007749,GBE
15007750,SFRgeneral
15007756,APMTR
15007757,SFREngineering
15007758,SFRDelivery
15007759,AQABA
15007760,CMIT
15007761,MOIN
15007764,TPDO
15007765,NTCP
15007766,QMS
15990785,SA
15990788,POS
16711683,PTBD
16711685,PMS
16711686,MI
17334276,Fatal5
17334277,InfoSec
17334292,GP
18055171,CAB
18055172,ZEEB
19103745,BLL
23396353,MedPort
27131907,ARGOS
27230209,KE
27230210,HP
32505857,TO
44957697,AN
45252609,TREAS
48005122,WF
51216385,MCM
66289666,CT
67796993,SCCT
77594625,TAN
81068034,ALR
84836354,APMTPIPAVA
84836355,PTP
84836356,Callao
84836357,Lazaro
84836358,Aarhus
89882625,APAPA
95223809,VLC
98369538,GTI
98369539,ProjExeGov
106364929,AE
109576193,DI
112525313,GC3
122486785,AP
125370369,ATQ
127500289,CPT
140836865,PM
144048129,GO
152272897,TS
162070529,AB
163938305,LIFT
169705473,NRA20
173899777,AS
178618369,NRI
181796865,DEV
191266817,SPC
192512001,AD
199393281,APCP
203620353,APM
222363649,PP
271155201,PTPL
281083905,ADN
285343745,VG
285343746,VRT
309198849,POTI
311853057,SHAL
318767105,BAH
327811073,TTS
336101377,COT
338296834,YUC
338296835,BAv
338296836,MAUR
338296837,ONNE
338296839,PEC
338296840,CS
343801857,RIO
343801858,MDMA
343801861,BA
349601794,ATBC
382205953,BMS
382205954,GFP
385449985,IRT1
385515521,IRT2
392429569,MT
